{
    "features": [
        "Size_sqft",
        "Bedrooms",
        "Age_years",
        "Distance_km",
        "Income_k"
    ],
    "means": {
        "Size_sqft": 1741.7,
        "Bedrooms": 3.0434782608695654,
        "Age_years": 16.511363636363637,
        "Distance_km": 11.27191011235955,
        "Income_k": 85.72826086956522,
        "Price_lakh": 139.768
    },
    "intercept": 17.517179696549718,
    "coefficients": [
        0.059360584525403645,
        8.343920858449533,
        -0.5692595145456223,
        -1.1834155732759923,
        0.198874976737617
    ],
    "metrics": {
        "mae": 17.981111857934177,
        "mse": 633.2921126014286,
        "rmse": 25.165295798011766,
        "r2": 0.7555153582310454
    }
}